Innos, Innosa, Innosowi, Innosem, Innosie
Adanos, Adanosa, Adanosowi, Adanosie, Adanosem
Beliar, Beliara, Beliarowi, Beliarem, Beliarze
ożywieniec, ożywieńca, ożywieńcowi, ożywieńcem, ożywieńcu, ożywieńcy, ożywieńców, ożywieńcom, ożywieńcach, ożywieńcami

ork-niewolnik, orka-niewolnika
ork-wojownik, orkiem-wojownikiem
ork-strażnik
ork-duch, orków-duchów
ork-elita, orka-elity

zielonoskóry, zielonoskórymi, zielonoskórych, zielonoskórzy
przepita, przepitę
hahaha
haha

Krushak
Orak, Szaka

Hosh-Pak, Hosh-Paka

Gorn

jaszczuroczłek, jaszczuroczłeka, jaszczuroczłekowi, jaszczuroczłeku, jaszczuroludzie, jaszczuroludzi, jaszczuroludziom, jaszczuroludźmi, jaszczuroludziach

myrtańskich
nordmarczyk, nordmarczyków
Myrtana, Myrtany, Myrtanie, Myrtanę
Rhobar, Rhobara, Rhobarowi, Rhobarem, Rhobarze
Nordmar, Nordmaru, Nordmarowi, Nordmarze
Varant, Varancie, Varantu

Xardas, Xardasa, Xardasowi, Xardasem, Xardasie
Garond, Garonda, Garondowi, Garondzie, Garondem
baal, baalowie, baalów
Kalom, Kaloma, Kalomowi
morra

Gomez, Gomeza, Gomezowi, Gomezem, Gomezie
Khorinis

cieniostwór, cieniostwora, cieniostworowi, cieniostworem, cieniostworze, cieniostwory, cieniostworów, cieniostworom, cieniostworami, cieniostworach
kretoszczur, kretoszczura, kretoszczurowi, kretoszczurem, kretoszczurze, kretoszczury, kretoszczurów, kretoszczurom, kretoszczurach
ścierwojad, ścierwojada, ścierwojadowi, ścierwojadem, ścierwojadzie, ścierwojady, ścierwojadów, ścierwojadom, ścierwojadach, ścierwojadami
warg, warga, wargowi, wargiem, wargi, wargom, wargów
szabloząb, szablozębów

goblińskie, goblińskich
troll, trollich

Geldern

Jarkendar